<?xml version="1.0" encoding="UTF-8"?>
<project-private xmlns="http://www.netbeans.org/ns/project-private/1">
    <editor-bookmarks xmlns="http://www.netbeans.org/ns/editor-bookmarks/2" lastBookmarkId="0"/>
    <open-files xmlns="http://www.netbeans.org/ns/projectui-open-files/2">
        <group>
            <file>file:/C:/Users/3tee/Documents/NetBeansProjects/Bank%20management%20system/src/bank/management/system/classes/EmployeeClass.java</file>
            <file>file:/C:/Users/3tee/Documents/NetBeansProjects/Bank%20management%20system/src/bank/management/system/pinChange.java</file>
            <file>file:/C:/Users/3tee/Documents/NetBeansProjects/Bank%20management%20system/src/bank/management/system/Withdraw.java</file>
            <file>file:/C:/Users/3tee/Documents/NetBeansProjects/Bank%20management%20system/src/bank/management/system/DeleteEmployee.java</file>
            <file>file:/C:/Users/3tee/Documents/NetBeansProjects/Bank%20management%20system/src/bank/management/system/AddEmployee.java</file>
            <file>file:/C:/Users/3tee/Documents/NetBeansProjects/Bank%20management%20system/src/bank/management/system/classes/BankAccountClass.java</file>
            <file>file:/C:/Users/3tee/Documents/NetBeansProjects/Bank%20management%20system/src/bank/management/system/viewAccount.java</file>
            <file>file:/C:/Users/3tee/Documents/NetBeansProjects/Bank%20management%20system/src/bank/management/system/classes/EmployeeManager.java</file>
            <file>file:/C:/Users/3tee/Documents/NetBeansProjects/Bank%20management%20system/src/bank/management/system/classes/AccountClass.java</file>
            <file>file:/C:/Users/3tee/Documents/NetBeansProjects/Bank%20management%20system/src/bank/management/system/Signup3.java</file>
            <file>file:/C:/Users/3tee/Documents/NetBeansProjects/Bank%20management%20system/src/bank/management/system/Deposit.java</file>
            <file>file:/C:/Users/3tee/Documents/NetBeansProjects/Bank%20management%20system/src/bank/management/system/Fast.java</file>
            <file>file:/C:/Users/3tee/Documents/NetBeansProjects/Bank%20management%20system/src/bank/management/system/Statement.java</file>
            <file>file:/C:/Users/3tee/Documents/NetBeansProjects/Bank%20management%20system/src/bank/management/system/classes/IAccountType.java</file>
            <file>file:/C:/Users/3tee/Documents/NetBeansProjects/Bank%20management%20system/src/bank/management/system/classes/EmployeeEntityClass.java</file>
            <file>file:/C:/Users/3tee/Documents/NetBeansProjects/Bank%20management%20system/src/bank/management/system/Login.java</file>
            <file>file:/C:/Users/3tee/Documents/NetBeansProjects/Bank%20management%20system/src/bank/management/system/addAccounts.java</file>
            <file>file:/C:/Users/3tee/Documents/NetBeansProjects/Bank%20management%20system/src/bank/management/system/classes/ICardGeneration.java</file>
            <file>file:/C:/Users/3tee/Documents/NetBeansProjects/Bank%20management%20system/src/bank/management/system/ViewEmployee.java</file>
            <file>file:/C:/Users/3tee/Documents/NetBeansProjects/Bank%20management%20system/src/bank/management/system/employeepage.java</file>
            <file>file:/C:/Users/3tee/Documents/NetBeansProjects/Bank%20management%20system/src/bank/management/system/Signup1.java</file>
            <file>file:/C:/Users/3tee/Documents/NetBeansProjects/Bank%20management%20system/src/bank/management/system/classes/TransactionProcessor.java</file>
            <file>file:/C:/Users/3tee/Documents/NetBeansProjects/Bank%20management%20system/src/bank/management/system/Employee1.java</file>
            <file>file:/C:/Users/3tee/Documents/NetBeansProjects/Bank%20management%20system/src/bank/management/system/classes/IServicesRequired.java</file>
            <file>file:/C:/Users/3tee/Documents/NetBeansProjects/Bank%20management%20system/src/bank/management/system/classes/IEmployeeOperations.java</file>
            <file>file:/C:/Users/3tee/Documents/NetBeansProjects/Bank%20management%20system/src/bank/management/system/Transaction.java</file>
            <file>file:/C:/Users/3tee/Documents/NetBeansProjects/Bank%20management%20system/src/bank/management/system/Signup2.java</file>
            <file>file:/C:/Users/3tee/Documents/NetBeansProjects/Bank%20management%20system/src/bank/management/system/checkBalance.java</file>
        </group>
    </open-files>
</project-private>
